Title,URL,Score
Wednesday Daily Thread: Beginner questions,https://www.reddit.com/r/Python/comments/1j3plxg/wednesday_daily_thread_beginner_questions/,{5}
Petition to rename Python 3.14 to Pithon!,https://www.reddit.com/r/Python/comments/1j43aar/petition_to_rename_python_314_to_pithon/,{5}
Pyodide lets you run Python right in the browser,https://www.reddit.com/r/Python/comments/1j3ont4/pyodide_lets_you_run_python_right_in_the_browser/,{67}
Created Code that Converts 3D Pose Outputs from Body Space to World Space,https://www.reddit.com/r/Python/comments/1j3x6u4/created_code_that_converts_3d_pose_outputs_from/,{9}
"OpenArc v1.0.1: openai endpoints, gradio dashboard, faster inference on intel CPUs, GPUs and NPUs",https://www.reddit.com/r/Python/comments/1j3rmo5/openarc_v101_openai_endpoints_gradio_dashboard/,{12}
"I Got Tired of ""AI Shorts"" Scams - So I Built My Own Free & Local Shorts Creator Tool!ðŸŽ¬",https://www.reddit.com/r/Python/comments/1j36d7a/i_got_tired_of_ai_shorts_scams_so_i_built_my_own/,{124}
"Daily General Discussion and Match Links Thread - March 05, 2025",https://www.reddit.com/r/Cricket/comments/1j3ria9/daily_general_discussion_and_match_links_thread/,{6}
What if? Wednesday,https://www.reddit.com/r/Cricket/comments/1j3rk34/what_if_wednesday/,{6}
"Pardon me, but what did Glen Phillips just do?!? NSFW",https://i.redd.it/5ua1fb6s4vme1.png,{732}
Smith retires from ODIs after Champions Trophy exit,https://www.cricket.com.au/news/4227743,{1591}
"Rachin Ravindra scored his 5th ODI hundred, with 108 runs off 101 balls against South Africa.",https://i.redd.it/xib6rtfkwume1.jpeg,{403}
"Kane Williamson becomes first New Zealand player with 19,000 international runs",https://i.redd.it/n2m4a1n9rume1.jpeg,{296}
Williamson Hits His 3rd Consecutive Hundred Against South Africa; Ends on 102 (94),https://i.redd.it/nyojtetl1vme1.jpeg,{207}
Match Thread: 2nd Semi-Final - New Zealand vs South Africa,https://www.reddit.com/r/Cricket/comments/1j3xt79/match_thread_2nd_semifinal_new_zealand_vs_south/,{308}
India have made it to the 2025 Champions Trophy Finals,https://i.redd.it/dm7d1cc25pme1.jpeg,{3789}
'Appealing To Allow Use Of Saliva': Mohammed Shami Makes Earnest Request To ICC,https://www.news18.com/cricket/appealing-to-allow-use-of-saliva-mohammed-shami-makes-earnest-request-to-icc-9250263.html,{164}
